det,desc,lidarpts,kpts,matches,kpt_time,bbmatches,bbmatch_time,cam_ttc,lidar_ttc,abs_ttc_diff,ttc_time,total_time,
SHITOMASI,BRIEF,330,1723,0,10.5062,0,0,0,0,0,0,10.5116
SHITOMASI,BRIEF,340,1759,1148,10.7664,6,2.05696,13.813,12.3214,1.49161,0.441008,18.46
SHITOMASI,BRIEF,309,1820,1167,10.3526,11,3.12765,13.6173,12.4141,1.20313,0.551288,82.0214
SHITOMASI,BRIEF,326,1850,1221,10.8769,8,2.77831,11.0964,14.3454,3.24897,0.561068,78.2711
SHITOMASI,BRIEF,322,1828,1210,77.5667,11,3.59149,13.4968,16.6873,3.19043,0.535872,87.2565
SHITOMASI,BRIEF,344,1806,1221,10.1666,9,2.89665,12.0803,15.5861,3.5058,0.530788,18.9864
SHITOMASI,BRIEF,352,1877,1155,74.9794,10,2.90716,12.4359,12.6753,0.239415,0.458292,83.8314
SHITOMASI,BRIEF,317,1894,1190,73.3816,9,2.81386,17.6642,12.1731,5.49112,0.46902,82.4329
SHITOMASI,BRIEF,312,1889,1214,10.3241,9,2.78056,11.6293,13.3543,1.72509,0.563296,79.0488
SHITOMASI,BRIEF,311,1917,1205,78.0401,8,2.68782,11.2788,13.0241,1.74529,0.398628,86.7001
SHITOMASI,BRIEF,286,1874,1187,10.3506,9,2.71748,12.0883,11.0911,0.997156,0.446968,82.566
SHITOMASI,BRIEF,302,1912,1193,10.5169,8,2.43245,12.1794,12.6974,0.517987,0.367972,77.2735
SHITOMASI,BRIEF,302,1930,1239,10.4611,7,2.4348,11.0296,8.95856,2.07108,0.687648,83.8703
SHITOMASI,BRIEF,316,1881,1250,10.6616,9,3.0297,12.2661,9.96295,2.30317,0.575032,84.6806
SHITOMASI,BRIEF,312,1886,1248,10.2194,8,2.78937,11.426,9.46977,1.95627,0.479108,80.2245
SHITOMASI,BRIEF,289,1957,1262,10.7945,9,3.08406,12.3685,8.36706,4.00144,0.4826,78.9774
SHITOMASI,BRIEF,297,1888,1281,77.1066,10,3.30588,11.8089,9.91689,1.89202,0.488688,87.0339
SHITOMASI,BRIEF,279,1919,1270,10.7706,9,2.89795,10.4321,9.54521,0.886871,0.462332,19.7812
SHITOMASI,BRIEF,303,2057,1320,11.053,8,3.08726,10.3618,8.50248,1.85935,0.522416,80.7171

SHITOMASI,BRISK,330,1723,0,281.518,0,0,0,0,0,0,281.525
SHITOMASI,BRISK,340,1759,797,281.319,6,1.42633,12.959,12.3214,0.637534,0.24356,289.618
SHITOMASI,BRISK,309,1820,779,278.415,11,2.08732,12.4188,12.4141,0.00465335,0.22826,287.709
SHITOMASI,BRISK,326,1850,843,345.099,8,1.90866,12.7502,14.3454,1.59514,0.283952,354.02
SHITOMASI,BRISK,322,1828,792,280.826,11,2.23527,13.33,16.6873,3.35727,0.25184,295.378
SHITOMASI,BRISK,344,1806,817,282.337,9,1.96408,12.5265,15.5861,3.05955,0.24128,291.38
SHITOMASI,BRISK,352,1877,805,279.909,10,2.06188,13.5266,12.6753,0.851231,0.25654,288.762
SHITOMASI,BRISK,317,1894,780,282.754,9,1.82351,13.9222,12.1731,1.74912,0.27152,291.902
SHITOMASI,BRISK,312,1889,850,280.972,9,1.95508,12.0671,13.3543,1.28724,0.25332,290.725
SHITOMASI,BRISK,311,1917,842,288.871,8,1.81526,11.9909,13.0241,1.0332,0.274748,297.968
SHITOMASI,BRISK,286,1874,832,321.174,9,1.88149,12.4131,11.0911,1.32199,0.24752,330.215
SHITOMASI,BRISK,302,1912,857,280.445,8,1.78495,11.2036,12.6974,1.49387,0.311184,289.493
SHITOMASI,BRISK,302,1930,849,296.494,7,1.73128,12.4917,8.95856,3.53318,0.296104,306.046
SHITOMASI,BRISK,316,1881,884,281.876,9,2.05516,13.0523,9.96295,3.08937,0.29164,291.603
SHITOMASI,BRISK,312,1886,889,323.299,8,1.90707,12.5626,9.46977,3.09279,0.281608,337.981
SHITOMASI,BRISK,289,1957,906,332.95,9,2.19903,12.3292,8.36706,3.9621,0.22318,348.789
SHITOMASI,BRISK,297,1888,878,339.838,10,2.30952,10.5426,9.91689,0.625711,0.239812,362.198
SHITOMASI,BRISK,279,1919,914,299.851,9,2.14384,12.1403,9.54521,2.59504,0.278052,309.771
SHITOMASI,BRISK,303,2057,960,293.281,8,2.21147,10.0617,8.50248,1.55921,0.27198,305.706

SHITOMASI,ORB,330,1723,0,9.94182,0,0,0,0,0,0,9.94717
SHITOMASI,ORB,340,1759,1053,8.75772,6,1.90368,13.0182,12.3214,0.696751,0.306448,16.3518
SHITOMASI,ORB,309,1820,1070,8.84178,11,2.84826,14.528,12.4141,2.11388,0.353908,18.0691
SHITOMASI,ORB,326,1850,1116,9.27148,8,2.49647,12.1,14.3454,2.24537,0.328712,23.5841
SHITOMASI,ORB,322,1828,1082,8.70004,11,4.11019,12.2613,16.6873,4.42594,0.469668,68.7151
SHITOMASI,ORB,344,1806,1080,8.69285,9,2.62141,12.1368,15.5861,3.4493,0.425424,54.8137
SHITOMASI,ORB,352,1877,1042,9.20967,10,2.61176,13.7364,12.6753,1.06107,0.378268,17.5976
SHITOMASI,ORB,317,1894,1059,54.5009,9,2.75471,13.8062,12.1731,1.63309,0.53486,63.1952
SHITOMASI,ORB,312,1889,1085,8.5883,9,3.42228,11.9889,13.3543,1.36545,0.58488,55.9849
SHITOMASI,ORB,311,1917,1072,9.08722,8,2.23075,11.8703,13.0241,1.15381,0.317712,55.0491
SHITOMASI,ORB,286,1874,1050,9.40326,9,2.44001,13.0469,11.0911,1.95574,0.37184,17.7952
SHITOMASI,ORB,302,1912,1049,8.8203,8,2.15465,11.1985,12.6974,1.49888,0.3261,16.8725
SHITOMASI,ORB,302,1930,1099,47.3847,7,2.96411,12.1312,8.95856,3.17262,0.624172,68.3791
SHITOMASI,ORB,316,1881,1109,8.62166,9,2.58776,12.6144,9.96295,2.65146,0.423472,17.1428
SHITOMASI,ORB,312,1886,1099,10.8562,8,2.90032,12.1365,9.46977,2.66672,0.490088,20.2805
SHITOMASI,ORB,289,1957,1102,9.49959,9,2.68527,10.8192,8.36706,2.45211,0.3679,18.3114
SHITOMASI,ORB,297,1888,1135,9.74321,10,2.97016,10.7374,9.91689,0.820469,0.375748,19.6673
SHITOMASI,ORB,279,1919,1165,9.81761,9,3.0824,12.1119,9.54521,2.56671,0.38456,19.6547
SHITOMASI,ORB,303,2057,1204,9.18232,8,3.20799,9.87265,8.50248,1.37016,0.37728,48.4001

SHITOMASI,FREAK,330,1723,0,36.7336,0,0,0,0,0,0,36.7392
SHITOMASI,FREAK,340,1759,812,35.9901,6,1.47466,13.3405,12.3214,1.01903,0.308468,58.2846
SHITOMASI,FREAK,309,1820,814,36.0692,11,2.20711,12.4195,12.4141,0.00533765,0.274348,60.6836
SHITOMASI,FREAK,326,1850,878,36.793,8,1.91743,12.2637,14.3454,2.08172,0.236392,45.1012
SHITOMASI,FREAK,322,1828,851,36.4558,11,2.33858,13.2808,16.6873,3.40643,0.2976,45.3881
SHITOMASI,FREAK,344,1806,874,38.7081,9,2.6595,11.9072,15.5861,3.6789,0.38846,52.5205
SHITOMASI,FREAK,352,1877,845,44.2735,10,2.64014,14.4568,12.6753,1.78146,0.36672,55.5698
SHITOMASI,FREAK,317,1894,831,38.6927,9,1.99044,13.3184,12.1731,1.14532,0.288132,50.5379
SHITOMASI,FREAK,312,1889,870,44.4242,9,2.05251,11.3442,13.3543,2.01015,0.364232,52.8535
SHITOMASI,FREAK,311,1917,863,70.1953,8,1.8325,11.6421,13.0241,1.38206,0.30076,79.0211
SHITOMASI,FREAK,286,1874,860,42.4016,9,1.97877,12.2613,11.0911,1.17019,0.31198,53.7454
SHITOMASI,FREAK,302,1912,861,58.2528,8,2.04594,12.1532,12.6974,0.544248,0.23976,70.4599
SHITOMASI,FREAK,302,1930,885,67.085,7,1.74552,11.7391,8.95856,2.78049,0.32308,75.9326
SHITOMASI,FREAK,316,1881,880,54.9959,9,2.03609,13.4099,9.96295,3.44697,0.257592,63.6073
SHITOMASI,FREAK,312,1886,886,36.7777,8,1.9356,11.8813,9.46977,2.41156,0.245008,45.6611
SHITOMASI,FREAK,289,1957,892,38.902,9,2.17727,10.8111,8.36706,2.44407,0.21166,47.8083
SHITOMASI,FREAK,297,1888,899,55.4384,10,2.36147,10.5507,9.91689,0.633829,0.22546,65.1926
SHITOMASI,FREAK,279,1919,949,37.175,9,2.21428,12.2398,9.54521,2.69463,0.231132,46.1037
SHITOMASI,FREAK,303,2057,952,40.1493,8,2.61397,7.38619,8.50248,1.1163,0.29396,53.857

SHITOMASI,SIFT,330,1723,0,39.2737,0,0,0,0,0,0,39.2908
SHITOMASI,SIFT,340,1759,1260,43.2837,6,2.26663,12.7975,12.3214,0.476086,0.380412,135.9
SHITOMASI,SIFT,309,1820,1257,46.0339,11,3.59026,12.6706,12.4141,0.256507,0.502172,134.891
SHITOMASI,SIFT,326,1850,1321,39.5185,8,2.92607,12.0086,14.3454,2.33673,0.397008,64.7967
SHITOMASI,SIFT,322,1828,1344,22.7556,11,3.91799,12.2613,16.6873,4.42594,0.45628,108.366
SHITOMASI,SIFT,344,1806,1324,35.7258,9,3.91989,11.9213,15.5861,3.66479,0.62146,132.83
SHITOMASI,SIFT,352,1877,1287,32.6606,10,3.83089,12.8882,12.6753,0.212879,0.53578,128.231
SHITOMASI,SIFT,317,1894,1310,32.3568,9,4.31155,12.9251,12.1731,0.752052,0.666508,135.142
SHITOMASI,SIFT,312,1889,1337,18.5973,9,3.75234,11.8352,13.3543,1.51917,0.516452,88.9599
SHITOMASI,SIFT,311,1917,1334,34.9339,8,3.52058,11.7022,13.0241,1.32193,0.638052,135.585
SHITOMASI,SIFT,286,1874,1324,19.2619,9,3.0155,12.7376,11.0911,1.64648,0.512552,96.1186
SHITOMASI,SIFT,302,1912,1299,30.5565,8,3.2937,11.4238,12.6974,1.27365,0.611912,134.483
SHITOMASI,SIFT,302,1930,1356,20.0797,7,2.65223,11.6118,8.95856,2.65322,0.54774,119.131
SHITOMASI,SIFT,316,1881,1372,26.0957,9,4.13734,12.8561,9.96295,2.89318,0.727264,110.698
SHITOMASI,SIFT,312,1886,1359,21.6674,8,3.53241,11.2182,9.46977,1.74845,0.5561,47.7964
SHITOMASI,SIFT,289,1957,1400,33.1076,9,4.37917,10.4388,8.36706,2.07176,0.6955,136.791
SHITOMASI,SIFT,297,1888,1425,26.6361,10,5.18457,10.4498,9.91689,0.532874,0.716132,129.363
SHITOMASI,SIFT,279,1919,1442,28.5134,9,3.61244,11.6549,9.54521,2.10973,0.523372,129.325
SHITOMASI,SIFT,303,2057,1487,30.8953,8,3.31653,10.317,8.50248,1.81448,0.515288,131.217

HARRIS,BRIEF,330,115,0,7.89549,0,0,0,0,0,0,7.9008
HARRIS,BRIEF,340,209,93,10.2719,6,0.226612,8.81335,12.3214,3.50808,0.14102,10.8968
HARRIS,BRIEF,309,114,121,7.777,11,0.385508,11.0081,12.4141,1.40599,0.1386,8.59232
HARRIS,BRIEF,326,178,94,9.19461,8,0.29274,nan,14.3454,nan,0.138732,9.88388
HARRIS,BRIEF,322,250,144,11.0746,11,0.474028,12.629,16.6873,4.05828,0.14432,12.0538
HARRIS,BRIEF,344,242,179,11.6427,9,0.49784,13.0449,15.5861,2.54116,0.16122,12.674
HARRIS,BRIEF,352,259,171,12.2568,10,0.59806,14.3892,12.6753,1.71383,0.191808,13.5224
HARRIS,BRIEF,317,273,186,12.8159,9,0.485032,12.2,12.1731,0.0269308,0.16036,13.9139
HARRIS,BRIEF,312,194,173,9.2561,9,0.448972,12.9438,13.3543,0.410523,0.15686,10.2214
HARRIS,BRIEF,311,129,123,8.32187,8,0.325552,nan,13.0241,nan,0.148052,9.08617
HARRIS,BRIEF,286,249,107,10.8491,9,0.25414,10.2931,11.0911,0.798023,0.13884,11.5075
HARRIS,BRIEF,302,148,143,8.87552,8,0.35052,11.8135,12.6974,0.883922,0.160808,9.75041
HARRIS,BRIEF,302,169,116,8.67661,7,0.27966,nan,8.95856,nan,0.137744,9.36288
HARRIS,BRIEF,316,181,128,8.93648,9,0.364428,13.4095,9.96295,3.44654,0.145,9.71158
HARRIS,BRIEF,312,145,131,8.09228,8,0.339472,nan,9.46977,nan,0.137248,8.85164
HARRIS,BRIEF,289,243,122,11.2981,9,0.36262,nan,8.36706,nan,0.131592,12.0925
HARRIS,BRIEF,297,213,170,10.0436,10,0.498728,6.33866,9.91689,3.57822,0.14086,11.0429
HARRIS,BRIEF,279,126,132,10.3076,9,0.408312,12.6612,9.54521,3.11596,0.158472,11.1916
HARRIS,BRIEF,303,158,99,8.41376,8,0.31952,nan,8.50248,nan,0.16774,9.20754

HARRIS,BRISK,330,115,0,283.056,0,0,0,0,0,0,283.071
HARRIS,BRISK,340,209,71,279.704,6,0.15844,nan,12.3214,nan,0.17692,280.385
HARRIS,BRISK,309,114,90,269.163,11,0.289212,10.586,12.4141,1.82813,0.158608,269.913
HARRIS,BRISK,326,178,75,270.605,8,0.235608,-80.8525,14.3454,95.1979,0.160212,271.351
HARRIS,BRISK,322,250,108,281.299,11,0.365812,11.3951,16.6873,5.29211,0.143608,282.151
HARRIS,BRISK,344,242,131,274.402,9,0.4092,13.2718,15.5861,2.31432,0.175208,275.754
HARRIS,BRISK,352,259,124,278.858,10,0.39314,14.0315,12.6753,1.35612,0.192668,279.897
HARRIS,BRISK,317,273,138,276.601,9,0.494552,11.9245,12.1731,0.248573,0.193868,277.836
HARRIS,BRISK,312,194,125,281.538,9,0.337668,11.4949,13.3543,1.85947,0.166508,282.416
HARRIS,BRISK,311,129,95,273.614,8,0.267936,nan,13.0241,nan,0.130936,274.31
HARRIS,BRISK,286,249,76,281.789,9,0.234688,nan,11.0911,nan,0.127608,282.49
HARRIS,BRISK,302,148,101,284.235,8,0.24678,11.6702,12.6974,1.02719,0.13138,284.988
HARRIS,BRISK,302,169,85,315.882,7,0.218328,nan,8.95856,nan,0.18048,316.618
HARRIS,BRISK,316,181,100,310.666,9,0.296148,13.4095,9.96295,3.44654,0.1516,311.438
HARRIS,BRISK,312,145,97,307.78,8,0.30932,nan,9.46977,nan,0.167428,308.609
HARRIS,BRISK,289,243,90,326.67,9,0.323268,nan,8.36706,nan,0.13786,327.54
HARRIS,BRISK,297,213,124,328.304,10,0.373832,10.9646,9.91689,1.04768,0.161888,329.243
HARRIS,BRISK,279,126,91,305.577,9,0.3014,nan,9.54521,nan,0.130412,306.398
HARRIS,BRISK,303,158,70,318.894,8,0.222072,nan,8.50248,nan,0.16756,319.748

HARRIS,ORB,330,115,0,11.2803,0,0,0,0,0,0,11.2884
HARRIS,ORB,340,209,90,10.1637,6,0.2249,8.81335,12.3214,3.50808,0.14162,10.8441
HARRIS,ORB,309,114,106,11.4485,11,0.3828,11.0081,12.4141,1.40599,0.212568,12.5113
HARRIS,ORB,326,178,92,12.1018,8,0.27126,-11.4731,14.3454,25.8185,0.149312,12.7589
HARRIS,ORB,322,250,132,16.5787,11,0.37746,12.629,16.6873,4.05828,0.1442,17.6795
HARRIS,ORB,344,242,170,14.3843,9,0.48256,19.2159,15.5861,3.62985,0.16926,15.4067
HARRIS,ORB,352,259,157,14.0623,10,0.46332,14.9633,12.6753,2.28795,0.151788,15.0664
HARRIS,ORB,317,273,172,16.251,9,0.454892,13.497,12.1731,1.32391,0.232128,17.3683
HARRIS,ORB,312,194,161,12.5968,9,0.414988,13.5704,13.3543,0.216067,0.144392,13.6262
HARRIS,ORB,311,129,106,12.1237,8,0.282312,nan,13.0241,nan,0.133432,12.8469
HARRIS,ORB,286,249,95,15.7146,9,0.286372,nan,11.0911,nan,0.122528,16.4019
HARRIS,ORB,302,148,130,12.408,8,0.329688,11.6702,12.6974,1.02719,0.13296,13.1876
HARRIS,ORB,302,169,107,12.5158,7,0.28662,23.9071,8.95856,14.9486,0.16088,13.236
HARRIS,ORB,316,181,124,12.1754,9,0.35586,13.4095,9.96295,3.44654,0.205088,13.009
HARRIS,ORB,312,145,117,12.3133,8,0.32924,5.6061,9.46977,3.86367,0.14308,13.1155
HARRIS,ORB,289,243,112,14.3551,9,0.335632,-11.5218,8.36706,19.8889,0.1296,15.1646
HARRIS,ORB,297,213,153,15.2257,10,0.50564,6.33929,9.91689,3.5776,0.189824,16.5069
HARRIS,ORB,279,126,116,11.048,9,0.35566,nan,9.54521,nan,0.15582,11.8317
HARRIS,ORB,303,158,92,14.2993,8,0.21164,nan,8.50248,nan,0.12618,15.0511

HARRIS,FREAK,330,115,0,38.9575,0,0,0,0,0,0,38.9633
HARRIS,FREAK,340,209,75,38.5717,6,0.192092,8.75397,12.3214,3.56747,0.157748,39.1923
HARRIS,FREAK,309,114,96,39.9924,11,0.32488,nan,12.4141,nan,0.133668,40.7652
HARRIS,FREAK,326,178,78,38.8931,8,0.248328,nan,14.3454,nan,0.137488,39.533
HARRIS,FREAK,322,250,101,42.1384,11,0.356688,12.629,16.6873,4.05828,0.143952,43.0062
HARRIS,FREAK,344,242,136,40.5691,9,0.3684,39.584,15.5861,23.9979,0.173292,41.583
HARRIS,FREAK,352,259,124,45.5112,10,0.36534,nan,12.6753,nan,0.144248,46.4254
HARRIS,FREAK,317,273,120,40.1936,9,0.34024,11.0924,12.1731,1.08064,0.171668,41.1548
HARRIS,FREAK,312,194,130,37.0378,9,0.35966,12.3725,13.3543,0.981803,0.166,37.9688
HARRIS,FREAK,311,129,89,37.4642,8,0.25892,nan,13.0241,nan,0.15738,38.1637
HARRIS,FREAK,286,249,74,40.6758,9,0.216616,20.5862,11.0911,9.49508,0.125972,41.3378
HARRIS,FREAK,302,148,101,36.8563,8,0.28026,11.8135,12.6974,0.883922,0.128812,37.7178
HARRIS,FREAK,302,169,87,37.1261,7,0.233208,10.1015,8.95856,1.14296,0.130668,37.7483
HARRIS,FREAK,316,181,101,37.2132,9,0.30638,nan,9.96295,nan,0.13482,37.9581
HARRIS,FREAK,312,145,100,37.926,8,0.27384,nan,9.46977,nan,0.134336,38.6334
HARRIS,FREAK,289,243,88,38.5596,9,0.2811,nan,8.36706,nan,0.149248,39.32
HARRIS,FREAK,297,213,126,37.4353,10,0.392256,7.80996,9.91689,2.10693,0.14784,38.3324
HARRIS,FREAK,279,126,94,39.5533,9,0.2922,nan,9.54521,nan,0.123868,40.2417
HARRIS,FREAK,303,158,72,39.5939,8,0.23446,nan,8.50248,nan,0.127212,40.2223

HARRIS,SIFT,330,115,0,19.1997,0,0,0,0,0,0,19.2197
HARRIS,SIFT,340,209,97,21.6707,6,0.24998,8.69538,12.3214,3.62605,0.19768,22.4612
HARRIS,SIFT,309,114,120,19.8432,11,0.446892,10.586,12.4141,1.82813,0.199132,20.9087
HARRIS,SIFT,326,178,103,21.565,8,0.334168,-11.4731,14.3454,25.8185,0.19304,22.5271
HARRIS,SIFT,322,250,146,24.585,11,0.472736,12.7502,16.6873,3.93706,0.14896,25.5134
HARRIS,SIFT,344,242,197,23.5338,9,0.534788,13.6432,15.5861,1.94288,0.164452,24.6237
HARRIS,SIFT,352,259,195,29.2265,10,0.540848,12.9945,12.6753,0.319152,0.19566,30.4739
HARRIS,SIFT,317,273,195,25.6669,9,0.63098,12.3971,12.1731,0.224055,0.17624,26.9289
HARRIS,SIFT,312,194,190,22.4096,9,0.51674,10.7335,13.3543,2.62086,0.181468,23.714
HARRIS,SIFT,311,129,124,24.2835,8,0.36988,nan,13.0241,nan,0.202008,25.1667
HARRIS,SIFT,286,249,116,22.2873,9,0.32494,nan,11.0911,nan,0.126492,23
HARRIS,SIFT,302,148,149,21.5327,8,0.415092,nan,12.6974,nan,0.18426,22.4529
HARRIS,SIFT,302,169,120,21.264,7,0.31008,nan,8.95856,nan,0.13732,22.0597
HARRIS,SIFT,316,181,135,22.3332,9,0.39314,13.3551,9.96295,3.3921,0.14714,23.1451
HARRIS,SIFT,312,145,137,19.6207,8,0.364016,nan,9.46977,nan,0.138128,20.4208
HARRIS,SIFT,289,243,127,24.4633,9,0.37484,nan,8.36706,nan,0.163428,25.38
HARRIS,SIFT,297,213,184,23.3924,10,0.523988,6.60338,9.91689,3.3135,0.165608,24.5825
HARRIS,SIFT,279,126,127,20.9266,9,0.347168,nan,9.54521,nan,0.126148,21.6731
HARRIS,SIFT,303,158,111,22.0706,8,0.366108,nan,8.50248,nan,0.183992,23.5311

FAST,BRIEF,330,1864,0,5.07279,0,0,0,0,0,0,5.0792
FAST,BRIEF,340,1898,1305,4.74782,6,2.20924,10.3934,12.3214,1.92809,0.424212,14.2628
FAST,BRIEF,309,1865,1333,4.50994,11,3.47949,12.4284,12.4141,0.0142859,0.5259,15.5592
FAST,BRIEF,326,1840,1308,4.63294,8,2.97246,12.7888,14.3454,1.55661,0.609708,21.1188
FAST,BRIEF,322,1867,1252,5.3595,11,3.73842,12.6632,16.6873,4.02407,0.459648,15.7902
FAST,BRIEF,344,1876,1284,6.69118,9,3.6981,16.2288,15.5861,0.642704,0.61768,23.101
FAST,BRIEF,352,1843,1274,4.68542,10,3.75764,12.1823,12.6753,0.493032,0.522412,19.3314
FAST,BRIEF,317,1829,1242,6.60059,9,2.86172,10.9736,12.1731,1.19944,0.487052,21.0052
FAST,BRIEF,312,1843,1237,4.59323,9,3.0862,12.2522,13.3543,1.1021,0.48812,15.1084
FAST,BRIEF,311,1818,1277,4.91789,8,2.99819,13.1962,13.0241,0.172053,0.46704,22.8748
FAST,BRIEF,286,1879,1237,4.78823,9,2.74743,12.1033,11.0911,1.01216,0.572112,15.0222
FAST,BRIEF,302,1849,1252,6.63178,8,2.42621,13.7875,12.6974,1.09012,0.43462,17.3029
FAST,BRIEF,302,1826,1275,4.44566,7,2.80351,12.4258,8.95856,3.46728,0.81076,19.2314
FAST,BRIEF,316,1842,1246,7.64797,9,3.0423,12.5797,9.96295,2.61673,0.691212,21.8084
FAST,BRIEF,312,1833,1265,7.90741,8,3.16714,10.8595,9.46977,1.38976,0.59942,23.687
FAST,BRIEF,289,1921,1238,5.375,9,2.94044,12.4195,8.36706,4.05241,0.899488,16.9496
FAST,BRIEF,297,1934,1297,4.55987,10,3.39547,11.8412,9.91689,1.92427,0.57072,15.1693
FAST,BRIEF,279,1946,1348,4.6892,9,3.03181,10.6212,9.54521,1.07598,0.81598,19.275
FAST,BRIEF,303,1961,1355,4.9957,8,2.98509,10.9396,8.50248,2.43714,0.60174,19.9714

FAST,BRISK,330,1864,0,322.26,0,0,0,0,0,0,322.279
FAST,BRISK,340,1898,1023,313.679,6,1.76247,13.2418,12.3214,0.920396,0.22812,324.698
FAST,BRISK,309,1865,994,315.275,11,2.73176,11.9381,12.4141,0.476063,0.26218,334.426
FAST,BRISK,326,1840,962,309.933,8,2.07791,12.7569,14.3454,1.58846,0.27686,323.005
FAST,BRISK,322,1867,960,310.078,11,2.62853,12.6839,16.6873,4.00333,0.303228,325.247
FAST,BRISK,344,1876,1016,315.105,9,2.37478,11.8506,15.5861,3.73547,0.272952,327.913
FAST,BRISK,352,1843,969,312.673,10,2.35035,12.0404,12.6753,0.634906,0.278664,322.88
FAST,BRISK,317,1829,917,321.977,9,2.29086,11.4588,12.1731,0.714318,0.407108,331.608
FAST,BRISK,312,1843,925,317.89,9,2.21008,11.5751,13.3543,1.77922,0.388252,327.228
FAST,BRISK,311,1818,927,307.393,8,1.88035,12.0667,13.0241,0.957459,0.264028,318.47
FAST,BRISK,286,1879,956,323.344,9,2.13564,11.3906,11.0911,0.299457,0.297608,332.798
FAST,BRISK,302,1849,954,319.403,8,1.86971,12.3837,12.6974,0.313748,0.282148,331.488
FAST,BRISK,302,1826,965,309.688,7,1.82538,12.6126,8.95856,3.65409,0.29836,318.892
FAST,BRISK,316,1842,966,315.577,9,2.14467,12.7707,9.96295,2.80774,0.39696,329.225
FAST,BRISK,312,1833,998,324.111,8,2.09232,12.305,9.46977,2.83526,0.35126,333.672
FAST,BRISK,289,1921,1004,321.424,9,2.30495,12.6135,8.36706,4.24648,0.290992,334.827
FAST,BRISK,297,1934,1037,321.126,10,2.55951,12.1996,9.91689,2.2827,0.315492,331.767
FAST,BRISK,279,1946,1095,312.108,9,2.44858,6.97051,9.54521,2.5747,0.30076,322.86
FAST,BRISK,303,1961,1068,322.819,8,2.29905,12.2613,8.50248,3.75883,0.31334,342.899

FAST,ORB,330,1864,0,3.52663,0,0,0,0,0,0,3.53213
FAST,ORB,340,1898,1220,4.53319,6,2.09268,11.6858,12.3214,0.635598,0.345652,20.0164
FAST,ORB,309,1865,1234,3.1384,11,3.48918,12.6506,12.4141,0.236454,0.544212,13.8396
FAST,ORB,326,1840,1238,3.61683,8,3.18139,13.0182,14.3454,1.32719,0.436832,19.1847
FAST,ORB,322,1867,1188,3.07119,11,3.2769,12.4984,16.6873,4.1889,0.395152,12.8494
FAST,ORB,344,1876,1232,3.08101,9,3.75931,13.7533,15.5861,1.83277,0.466972,13.4469
FAST,ORB,352,1843,1193,3.67061,10,3.46459,12.6054,12.6753,0.0699302,0.561088,18.518
FAST,ORB,317,1829,1141,2.98237,9,2.62445,11.4488,12.1731,0.724272,0.43886,14.7182
FAST,ORB,312,1843,1167,3.6273,9,2.885,11.4524,13.3543,1.90195,0.49112,13.3955
FAST,ORB,311,1818,1171,3.87744,8,2.84529,12.0205,13.0241,1.00361,0.571252,18.4619
FAST,ORB,286,1879,1142,3.37667,9,2.63032,12.6842,11.0911,1.59305,0.64526,12.8349
FAST,ORB,302,1849,1160,3.57547,8,2.25678,12.5833,12.6974,0.114159,0.367472,16.2427
FAST,ORB,302,1826,1188,2.95952,7,2.21241,12.8204,8.95856,3.8618,0.400024,12.0333
FAST,ORB,316,1842,1157,3.79842,9,3.25222,12.807,9.96295,2.84405,0.736688,19.5092
FAST,ORB,312,1833,1162,2.96306,8,2.42852,12.501,9.46977,3.03119,0.426108,11.6452
FAST,ORB,289,1921,1172,4.31054,9,3.94205,11.862,8.36706,3.49496,0.73252,18.9172
FAST,ORB,297,1934,1244,3.10767,10,3.08494,12.6225,9.91689,2.70559,0.51234,13.338
FAST,ORB,279,1946,1243,3.29557,9,3.24544,8.49137,9.54521,1.05384,0.5303,13.7304
FAST,ORB,303,1961,1266,3.15147,8,2.76647,12.306,8.50248,3.80352,0.40876,14.7779

FAST,FREAK,330,1864,0,42.4709,0,0,0,0,0,0,42.4856
FAST,FREAK,340,1898,959,35.82,6,1.63341,11.9301,12.3214,0.391311,0.240848,44.4619
FAST,FREAK,309,1865,950,36.0305,11,2.51392,12.5867,12.4141,0.17255,0.256464,45.8915
FAST,FREAK,326,1840,944,37.0275,8,2.07794,13.9811,14.3454,0.364255,0.288768,46.0855
FAST,FREAK,322,1867,889,37.1105,11,2.47978,13.1818,16.6873,3.50546,0.311012,46.8829
FAST,FREAK,344,1876,969,44.9186,9,3.04575,11.9602,15.5861,3.6259,0.34074,55.3823
FAST,FREAK,352,1843,917,40.9428,10,2.2696,12.0086,12.6753,0.666693,0.26314,50.8917
FAST,FREAK,317,1829,886,42.3419,9,2.03905,10.8595,12.1731,1.31354,0.289772,51.6808
FAST,FREAK,312,1843,883,39.2172,9,1.93416,12.377,13.3543,0.977314,0.31318,51.5163
FAST,FREAK,311,1818,865,35.8535,8,1.78154,12.7138,13.0241,0.310282,0.26642,44.579
FAST,FREAK,286,1879,897,34.6147,9,1.97831,14.1031,11.0911,3.01196,0.284728,43.3348
FAST,FREAK,302,1849,930,36.4593,8,1.77593,13.5011,12.6974,0.80372,0.29292,45.645
FAST,FREAK,302,1826,898,37.3982,7,1.7017,12.5595,8.95856,3.60095,0.335968,46.0665
FAST,FREAK,316,1842,923,36.0287,9,2.07102,12.6477,9.96295,2.68474,0.308652,44.9967
FAST,FREAK,312,1833,952,39.2927,8,1.99103,11.9191,9.46977,2.44929,0.377212,51.353
FAST,FREAK,289,1921,930,40.2411,9,2.17594,12.4947,8.36706,4.12764,0.33974,49.6428
FAST,FREAK,297,1934,957,37.1714,10,2.4098,11.9909,9.91689,2.07403,0.381888,47.0618
FAST,FREAK,279,1946,1011,37.3893,9,2.22508,10.3544,9.54521,0.809221,0.32754,47.1896
FAST,FREAK,303,1961,989,54.9006,8,2.39711,12.0625,8.50248,3.56006,0.310048,71.1543

FAST,SIFT,330,1864,0,26.7486,0,0,0,0,0,0,26.7609
FAST,SIFT,340,1898,1424,27.3771,6,2.76261,11.7818,12.3214,0.539591,0.40464,121.808
FAST,SIFT,309,1865,1446,75.152,11,4.24426,12.6791,12.4141,0.264923,0.59658,104.32
FAST,SIFT,326,1840,1383,22.7806,8,2.97899,13.0553,14.3454,1.29003,0.54596,118.743
FAST,SIFT,322,1867,1389,27.5168,11,5.0518,13.6612,16.6873,3.0261,0.82924,114.815
FAST,SIFT,344,1876,1449,25.8182,9,3.34054,13.2483,15.5861,2.33783,0.436728,112.868
FAST,SIFT,352,1843,1425,74.5792,10,3.81288,12.5586,12.6753,0.116759,0.62086,99.2325
FAST,SIFT,317,1829,1377,32.3969,9,3.75533,11.862,12.1731,0.311052,0.718692,115.32
FAST,SIFT,312,1843,1345,25.2394,9,3.02309,12.1789,13.3543,1.17547,0.673908,110.222
FAST,SIFT,311,1818,1385,20.7393,8,3.35482,14.244,13.0241,1.2199,0.80704,116.602
FAST,SIFT,286,1879,1392,25.4948,9,3.55304,13.5598,11.0911,2.46865,0.81006,112.934
FAST,SIFT,302,1849,1350,30.1242,8,2.53338,12.6239,12.6974,0.0735329,0.44188,132.835
FAST,SIFT,302,1826,1368,80.7238,7,2.95193,12.3725,8.95856,3.41398,0.87498,97.2829
FAST,SIFT,316,1842,1368,81.6036,9,3.63337,12.7949,9.96295,2.83195,0.755028,106.336
FAST,SIFT,312,1833,1386,78.7207,8,2.86275,11.7852,9.46977,2.31539,0.56026,102.89
FAST,SIFT,289,1921,1386,45.789,9,3.38255,10.8182,8.36706,2.45119,1.17348,150.828
FAST,SIFT,297,1934,1446,38.1271,10,3.75064,11.7677,9.91689,1.85077,0.700792,140.613
FAST,SIFT,279,1946,1445,33.1456,9,3.20453,11.2776,9.54521,1.73238,0.814184,117.618
FAST,SIFT,303,1961,1465,45.8413,8,3.73727,11.8462,8.50248,3.34373,0.75634,151.398

BRISK,BRIEF,330,2896,0,362.255,0,0,0,0,0,0,362.261
BRISK,BRIEF,340,3000,1702,352.048,6,3.57122,10.9635,12.3214,1.35795,0.627372,413.788
BRISK,BRIEF,309,2974,1777,351.986,11,4.97953,15.076,12.4141,2.66191,1.31071,413.072
BRISK,BRIEF,326,2953,1805,343.665,8,4.73094,10.8163,14.3454,3.52904,1.47168,374.905
BRISK,BRIEF,322,2855,1705,345.024,11,5.65405,22.7733,16.6873,6.08609,1.01868,418.099
BRISK,BRIEF,344,2906,1715,358.343,9,4.12653,18.6035,15.5861,3.0174,0.78202,409.046
BRISK,BRIEF,352,2886,1747,337.854,10,4.51201,16.3446,12.6753,3.66922,0.8709,389.996
BRISK,BRIEF,317,2886,1678,331.008,9,3.94676,14.3212,12.1731,2.14814,1.21052,411.205
BRISK,BRIEF,312,2893,1675,334.398,9,3.78686,18.3385,13.3543,4.98418,0.804896,412.695
BRISK,BRIEF,311,2930,1737,336.427,8,3.70833,14.4673,13.0241,1.44317,0.89108,393.298
BRISK,BRIEF,286,3022,1708,335.591,9,3.84954,9.81455,11.0911,1.27658,0.964188,414.461
BRISK,BRIEF,302,3013,1741,347.06,8,3.4534,14.6626,12.6974,1.9652,0.85794,418.389
BRISK,BRIEF,302,2949,1742,347.787,7,3.99883,12.402,8.95856,3.44345,1.77404,396.671
BRISK,BRIEF,316,3012,1721,334.927,9,3.99589,11.4269,9.96295,1.46396,0.93934,406.787
BRISK,BRIEF,312,3026,1764,344.758,8,4.62267,10.831,9.46977,1.36119,1.43328,411.669
BRISK,BRIEF,289,3074,1850,339.182,9,4.44411,10.4752,8.36706,2.1081,1.18495,413.434
BRISK,BRIEF,297,3131,1838,350.374,10,5.51905,12.1256,9.91689,2.20867,1.39614,431.419
BRISK,BRIEF,279,3135,1908,355.875,9,6.16647,10.423,9.54521,0.877775,1.65886,410.22
BRISK,BRIEF,303,3146,1956,347.375,8,4.33064,9.95779,8.50248,1.45531,1.2678,406.529

BRISK,BRISK,330,2896,0,650.069,0,0,0,0,0,0,650.105
BRISK,BRISK,340,3000,1578,676.805,6,3.19401,13.0472,12.3214,0.725765,0.614292,716.437
BRISK,BRISK,309,2974,1631,649.37,11,4.27141,21.7357,12.4141,9.32156,0.700192,718.165
BRISK,BRISK,326,2953,1589,651.583,8,3.5354,14.1798,14.3454,0.165526,0.88478,714.666
BRISK,BRISK,322,2855,1510,652.746,11,4.16856,15.0753,16.6873,1.61195,0.59506,755.753
BRISK,BRISK,344,2906,1497,648.705,9,3.71231,33.697,15.5861,18.1109,0.523428,725.266
BRISK,BRISK,352,2886,1525,647.42,10,3.85322,16.931,12.6753,4.25571,0.67376,725.612
BRISK,BRISK,317,2886,1500,650.143,9,4.29322,14.6013,12.1731,2.42826,1.10793,681.348
BRISK,BRISK,312,2893,1494,644.893,9,3.31653,14.199,13.3543,0.844608,0.630292,681.805
BRISK,BRISK,311,2930,1529,667.159,8,3.83804,11.6318,13.0241,1.39229,0.972248,709.31
BRISK,BRISK,286,3022,1497,646.95,9,3.46114,11.4896,11.0911,0.398504,0.828708,717.344
BRISK,BRISK,302,3013,1564,667.683,8,3.77057,12.9002,12.6974,0.202772,0.816228,709.336
BRISK,BRISK,302,2949,1562,645.549,7,3.45396,11.9766,8.95856,3.01803,0.9526,675.988
BRISK,BRISK,316,3012,1553,668.08,9,4.17029,10.8977,9.96295,0.934697,1.23817,720.213
BRISK,BRISK,312,3026,1588,647.301,8,3.57812,13.5892,9.46977,4.11942,0.912892,722.829
BRISK,BRISK,289,3074,1682,643.914,9,5.17894,11.3745,8.36706,3.00742,0.975416,680.356
BRISK,BRISK,297,3131,1687,662.823,10,5.24856,11.6208,9.91689,1.70388,0.93284,699.286
BRISK,BRISK,279,3135,1682,647.357,9,3.81017,10.1086,9.54521,0.563422,0.756144,723.719
BRISK,BRISK,303,3146,1775,683.464,8,4.73355,13.5987,8.50248,5.09625,0.95264,728.202

BRISK,ORB,330,2896,0,347.76,0,0,0,0,0,0,347.766
BRISK,ORB,340,3000,1480,336.109,6,2.56301,12.4932,12.3214,0.171751,0.4544,418.316
BRISK,ORB,309,2974,1523,338.894,11,3.96766,20.3119,12.4141,7.89774,0.543692,418.682
BRISK,ORB,326,2953,1517,340.305,8,3.28749,13.205,14.3454,1.14033,0.608868,415.135
BRISK,ORB,322,2855,1436,343.995,11,4.02427,13.792,16.6873,2.89526,0.47424,388.959
BRISK,ORB,344,2906,1422,343.752,9,4.22076,20.2076,15.5861,4.62155,0.575068,386.324
BRISK,ORB,352,2886,1436,346.801,10,4.38164,19.9254,12.6753,7.25009,0.58454,413.167
BRISK,ORB,317,2886,1415,336.95,9,3.34709,14.4418,12.1731,2.26877,0.876624,378.896
BRISK,ORB,312,2893,1431,346.794,9,3.83543,16.0154,13.3543,2.6611,0.536028,405.965
BRISK,ORB,311,2930,1440,340.97,8,3.52821,14.9058,13.0241,1.88165,0.65294,414.527
BRISK,ORB,286,3022,1463,342.047,9,3.94751,10.6605,11.0911,0.430622,0.87866,416.28
BRISK,ORB,302,3013,1456,335.142,8,2.94063,13.2979,12.6974,0.600467,0.50708,417.23
BRISK,ORB,302,2949,1481,341.417,7,2.84983,11.8875,8.95856,2.92894,0.69148,417.343
BRISK,ORB,316,3012,1479,339.372,9,3.36625,12.1597,9.96295,2.19679,0.692592,377.383
BRISK,ORB,312,3026,1536,345.317,8,3.96408,13.4923,9.46977,4.0225,1.17683,383.082
BRISK,ORB,289,3074,1557,360.086,9,4.56315,10.8359,8.36706,2.46887,0.854308,413.119
BRISK,ORB,297,3131,1554,348.573,10,4.35101,11.7675,9.91689,1.85061,0.54268,399.877
BRISK,ORB,279,3135,1590,350.429,9,4.46204,9.22104,9.54521,0.324174,0.899732,432.686
BRISK,ORB,303,3146,1644,357.03,8,4.26258,15.7613,8.50248,7.25881,0.61096,410.935

BRISK,FREAK,330,2896,0,375.983,0,0,0,0,0,0,375.989
BRISK,FREAK,340,3000,1396,363.209,6,3.08485,11.6121,12.3214,0.709366,0.6642,448.278
BRISK,FREAK,309,2974,1470,365.757,11,3.85047,24.6464,12.4141,12.2323,0.64354,401.543
BRISK,FREAK,326,2953,1477,362.818,8,3.53964,11.3236,14.3454,3.02176,0.6553,411.173
BRISK,FREAK,322,2855,1428,369.203,11,4.24161,15.6701,16.6873,1.01716,0.494732,411.864
BRISK,FREAK,344,2906,1391,366.274,9,3.28888,16.9676,15.5861,1.38148,0.395712,388.83
BRISK,FREAK,352,2886,1388,376.816,10,4.09496,15.5982,12.6753,2.92284,0.65262,426.628
BRISK,FREAK,317,2886,1364,383.079,9,4.54875,13.4167,12.1731,1.24359,0.8911,411.663
BRISK,FREAK,312,2893,1368,375.672,9,3.87749,14.4901,13.3543,1.13578,0.70436,408.881
BRISK,FREAK,311,2930,1382,364.763,8,2.88033,17.6694,13.0241,4.6453,0.641492,393.838
BRISK,FREAK,286,3022,1370,370.777,9,3.13056,12.3574,11.0911,1.26626,0.656288,395.284
BRISK,FREAK,302,3013,1412,374.247,8,3.07003,14.1501,12.6974,1.45269,0.533372,439.987
BRISK,FREAK,302,2949,1382,374.744,7,3.06592,11.1536,8.95856,2.19503,0.67132,416.826
BRISK,FREAK,316,3012,1355,380.399,9,3.73268,12.3341,9.96295,2.37113,0.832888,410.739
BRISK,FREAK,312,3026,1376,376.375,8,3.17582,10.9781,9.46977,1.50836,0.827832,427.064
BRISK,FREAK,289,3074,1475,369.825,9,3.56588,13.3709,8.36706,5.00389,0.628224,432.938
BRISK,FREAK,297,3131,1465,398.569,10,3.78077,11.5659,9.91689,1.64901,0.686464,423.302
BRISK,FREAK,279,3135,1544,371.513,9,3.54016,9.49358,9.54521,0.0516295,0.804132,393.577
BRISK,FREAK,303,3146,1541,383.742,8,4.10825,10.5185,8.50248,2.01606,1.07977,412.509

BRISK,SIFT,330,2896,0,606.63,0,0,0,0,0,0,606.638
BRISK,SIFT,340,3000,1740,587.942,6,3.00812,13.808,12.3214,1.48652,0.696772,791.57
BRISK,SIFT,309,2974,1774,545.996,11,4.65756,18.9306,12.4141,6.51642,0.90144,752.91
BRISK,SIFT,326,2953,1780,574.735,8,4.78098,14.4721,14.3454,0.12673,1.21733,783.306
BRISK,SIFT,322,2855,1756,594.383,11,7.0779,15.1942,16.6873,1.49301,0.93918,802.192
BRISK,SIFT,344,2906,1718,574.577,9,4.29182,27.9693,15.5861,12.3832,0.631128,779.126
BRISK,SIFT,352,2886,1704,580.577,10,5.1332,17.4475,12.6753,4.7722,0.974468,792.143
BRISK,SIFT,317,2886,1698,564.745,9,4.97666,14.9751,12.1731,2.80205,1.08866,771.23
BRISK,SIFT,312,2893,1669,524.056,9,3.78754,17.3759,13.3543,4.02156,0.595432,728.498
BRISK,SIFT,311,2930,1682,524.157,8,4.01004,14.9216,13.0241,1.89751,0.805952,807.805
BRISK,SIFT,286,3022,1712,516.954,9,4.35015,12.1481,11.0911,1.05695,0.917228,802.469
BRISK,SIFT,302,3013,1751,602.462,8,3.8492,11.5343,12.6974,1.16313,0.788268,809.861
BRISK,SIFT,302,2949,1716,599.873,7,4.06358,11.6265,8.95856,2.66792,1.45318,806.444
BRISK,SIFT,316,3012,1773,584.499,9,5.50008,11.1723,9.96295,1.20936,1.42797,793.365
BRISK,SIFT,312,3026,1715,543.126,8,4.37878,10.8247,9.46977,1.35492,0.994868,756.261
BRISK,SIFT,289,3074,1801,531.111,9,6.13924,10.8681,8.36706,2.50102,1.57185,814.464
BRISK,SIFT,297,3131,1820,568.817,10,5.53734,13.8865,9.91689,3.96961,1.00239,782.758
BRISK,SIFT,279,3135,1872,551.824,9,6.29908,10.1334,9.54521,0.58816,1.4986,849.37
BRISK,SIFT,303,3146,1897,561.457,8,5.75211,14.6683,8.50248,6.16579,1.61869,854.29

ORB,BRIEF,330,500,0,8.59461,0,0,0,0,0,0,8.60046
ORB,BRIEF,340,500,221,6.9528,6,0.5311,16.6307,12.3214,4.30929,0.265264,8.76368
ORB,BRIEF,309,500,247,6.7354,11,0.72048,9.79369,12.4141,2.62044,0.184968,9.13812
ORB,BRIEF,326,500,229,6.64165,8,0.56526,18.4131,14.3454,4.06774,0.22044,8.23446
ORB,BRIEF,322,500,222,6.54229,11,0.64928,11.4566,16.6873,5.23068,0.18804,8.2328
ORB,BRIEF,344,500,248,7.78589,9,0.644732,43.3183,15.5861,27.7322,0.194864,9.64272
ORB,BRIEF,352,500,233,6.72083,10,0.60856,nan,12.6753,nan,0.164488,15.2258
ORB,BRIEF,317,500,234,10.3675,9,0.69236,9.76801,12.1731,2.40506,0.266108,12.7543
ORB,BRIEF,312,500,244,7.38238,9,0.642392,nan,13.3543,nan,0.206808,9.42133
ORB,BRIEF,311,500,242,10.4858,8,0.739424,66.1635,13.0241,53.1394,0.255672,12.8133
ORB,BRIEF,286,500,223,9.12197,9,0.7609,63.5468,11.0911,52.4556,0.24204,11.4247
ORB,BRIEF,302,500,226,7.25794,8,0.507848,14.3082,12.6974,1.61075,0.180008,8.8208
ORB,BRIEF,302,500,252,7.54835,7,0.58006,14.252,8.95856,5.29341,0.172332,9.57429
ORB,BRIEF,316,500,229,7.47249,9,0.586632,12.3724,9.96295,2.4094,0.191788,9.2255
ORB,BRIEF,312,500,238,8.10173,8,0.57756,9.99925,9.46977,0.52948,0.266212,9.86063
ORB,BRIEF,289,500,262,8.58583,9,0.71848,13.2845,8.36706,4.91744,0.182312,10.8704
ORB,BRIEF,297,500,219,8.36718,10,0.81412,9.64141,9.91689,0.275476,0.266584,11.0253
ORB,BRIEF,279,500,223,7.17292,9,0.60004,11.5794,9.54521,2.03419,0.171192,8.8561
ORB,BRIEF,303,500,240,7.71148,8,0.779904,17.6604,8.50248,9.15795,0.227148,9.53671

                                                                                                                                                                                                                                                                                                                                                                                                                                                                                                                                                                                                                                                                                                                                                                                                                                                                                                                                                                                                                                                                                                                                                                                                                                                                                                                                                                                                                                                                                                                                                                                                                                                                                                                                                                                                                                                                                                                                                                                                                                                                                                                                                                                                                                                                                                                                                                                                                                                                                                                                                                                                                                                                                                                                                                                                                                                                                                                                                                                                                                                                                                                                                                                                                                                                                                                                                                                                                                                                                                                                                                                                                                                                                                                                                                                                                                                                                                                                                                                                                                                                                                                                                                                                                                                                                                                                                                                                                                                                                                                                                                           ORB,SIFT,330,500,0,110.718,0,0,0,0,0,0,110.726
ORB,SIFT,340,500,374,114.534,6,0.92848,9.83629,12.3214,2.48515,0.34268,117.671
ORB,SIFT,309,500,361,115.286,11,1.24846,16.6657,12.4141,4.25154,0.38048,119.089
ORB,SIFT,326,500,366,82.4011,8,0.858428,12.0957,14.3454,2.24966,0.283908,84.8036
ORB,SIFT,322,500,372,112.95,11,1.11303,22.822,16.6873,6.13479,0.31098,116.181
ORB,SIFT,344,500,375,83.6008,9,0.9609,nan,15.5861,nan,0.240512,86.4832
ORB,SIFT,352,500,381,111.854,10,1.01987,nan,12.6753,nan,0.3688,115.205
ORB,SIFT,317,500,378,111.108,9,0.955992,nan,12.1731,nan,0.269544,114.132
ORB,SIFT,312,500,372,111.153,9,0.909168,10.882,13.3543,2.47239,0.35154,114.262
ORB,SIFT,311,500,352,111.224,8,0.793432,nan,13.0241,nan,0.242028,114.1
ORB,SIFT,286,500,355,115.433,9,0.864568,11.1389,11.0911,0.047737,0.256728,117.986
ORB,SIFT,302,500,377,111.323,8,1.07543,7.61405,12.6974,5.08337,0.31078,114.736
ORB,SIFT,302,500,394,108.016,7,0.96852,nan,8.95856,nan,0.25994,111.089
ORB,SIFT,316,500,377,100.892,9,0.951632,11.5966,9.96295,1.63364,0.2732,103.873
ORB,SIFT,312,500,393,111.378,8,0.924312,13.6263,9.46977,4.15654,0.2832,114.363
ORB,SIFT,289,500,383,110.992,9,0.99592,nan,8.36706,nan,0.224068,114.133
ORB,SIFT,297,500,368,43.6749,10,1.03049,8.62491,9.91689,1.29198,0.28802,53.2548
ORB,SIFT,279,500,360,93.8425,9,0.9277,20.1713,9.54521,10.6261,0.45436,97.1312
ORB,SIFT,303,500,369,54.2646,8,1.07947,22.5612,8.50248,14.0587,0.29466,58.2644

AKAZE,BRIEF,330,1513,0,42.7062,0,0,0,0,0,0,42.7118
AKAZE,BRIEF,340,1541,1073,42.664,6,1.90476,11.9844,12.3214,0.337041,0.676128,50.2637
AKAZE,BRIEF,309,1529,1091,90.4331,11,3.1306,13.1568,12.4141,0.742643,0.902628,103.037
AKAZE,BRIEF,326,1561,1109,85.5041,8,2.87175,12.54,14.3454,1.80536,0.60694,94.2525
AKAZE,BRIEF,322,1545,1116,82.4576,11,3.14744,12.786,16.6873,3.90124,0.560028,92.6849
AKAZE,BRIEF,344,1526,1102,93.4679,9,2.63091,14.2226,15.5861,1.36349,0.727332,105.087
AKAZE,BRIEF,352,1566,1121,38.1599,10,3.39303,12.6333,12.6753,0.0420165,0.678172,115.473
AKAZE,BRIEF,317,1529,1082,39.085,9,3.2248,15.5451,12.1731,3.37207,1.02444,110.315
AKAZE,BRIEF,312,1547,1119,42.1535,9,2.53559,14.0579,13.3543,0.703565,0.8824,50.5978
AKAZE,BRIEF,311,1572,1120,42.6756,8,2.7419,11.8304,13.0241,1.19368,0.81734,108.765
AKAZE,BRIEF,286,1567,1107,39.13,9,2.52315,11.4261,11.0911,0.33501,0.700148,115.882
AKAZE,BRIEF,302,1538,1119,35.6263,8,2.26825,12.5182,12.6974,0.179273,0.697024,112.2
AKAZE,BRIEF,302,1513,1104,36.0891,7,2.16804,10.7077,8.95856,1.74919,0.846008,48.5777
AKAZE,BRIEF,316,1538,1135,34.3293,9,2.85989,11.6159,9.96295,1.65292,1.08696,43.6657
AKAZE,BRIEF,312,1555,1165,36.0629,8,2.53216,11.1569,9.46977,1.68708,0.597272,45.5302
AKAZE,BRIEF,289,1544,1170,114.756,9,2.8269,9.37006,8.36706,1.00301,0.69344,126.3
AKAZE,BRIEF,297,1563,1163,111.844,10,4.3132,9.45121,9.91689,0.465676,1.05899,122.728
AKAZE,BRIEF,279,1561,1191,84.8727,9,2.75419,8.83602,9.54521,0.709188,0.58302,95.5838
AKAZE,BRIEF,303,1569,1197,92.3787,8,2.66862,8.35643,8.50248,0.146058,0.770408,101.592

AKAZE,BRISK,330,1513,0,353.692,0,0,0,0,0,0,353.71
AKAZE,BRISK,340,1541,973,370.513,6,1.74061,11.8805,12.3214,0.440952,0.4288,378.551
AKAZE,BRISK,309,1529,965,419.773,11,2.53635,12.3959,12.4141,0.0181952,0.56076,432.223
AKAZE,BRISK,326,1561,988,454.528,8,2.1679,13.0413,14.3454,1.30412,0.48212,467.2
AKAZE,BRISK,322,1545,975,348.262,11,2.73131,13.8161,16.6873,2.87114,0.533952,357.211
AKAZE,BRISK,344,1526,972,383.673,9,2.34274,13.8259,15.5861,1.76016,0.610572,392.504
AKAZE,BRISK,352,1566,1003,382.176,10,2.57241,12.6763,12.6753,0.000966124,0.5048,390.948
AKAZE,BRISK,317,1529,1010,418.58,9,2.40001,16.5875,12.1731,4.4144,0.552296,427.212
AKAZE,BRISK,312,1547,994,348.995,9,2.2857,13.9876,13.3543,0.63326,0.637024,360.542
AKAZE,BRISK,311,1572,1007,352.331,8,2.16015,13.9493,13.0241,0.925136,0.78306,360.697
AKAZE,BRISK,286,1567,1008,389.577,9,2.38117,12.0597,11.0911,0.968608,0.76376,398.632
AKAZE,BRISK,302,1538,987,353.865,8,1.99204,12.7195,12.6974,0.0220616,0.562472,362.149
AKAZE,BRISK,302,1513,979,364.863,7,1.94045,10.3924,8.95856,1.43385,0.61112,373.043
AKAZE,BRISK,316,1538,986,403.035,9,2.29351,10.1949,9.96295,0.23197,0.48936,416.276
AKAZE,BRISK,312,1555,1028,346.3,8,2.25182,9.61153,9.46977,0.141762,0.505628,354.802
AKAZE,BRISK,289,1544,1060,341.702,9,2.70946,9.66398,8.36706,1.29693,0.437772,350.841
AKAZE,BRISK,297,1563,1040,383.333,10,2.72915,9.6653,9.91689,0.25159,0.63012,392.768
AKAZE,BRISK,279,1561,1103,384.329,9,2.56694,8.50135,9.54521,1.04386,0.571312,393.241
AKAZE,BRISK,303,1569,1073,351.423,8,2.43761,8.51631,8.50248,0.0138272,0.468188,363.93

AKAZE,ORB,330,1513,0,54.3222,0,0,0,0,0,0,54.3274
AKAZE,ORB,340,1541,924,118.862,6,1.90519,10.6461,12.3214,1.67529,0.398012,128.952
AKAZE,ORB,309,1529,933,85.9935,11,2.51451,11.8631,12.4141,0.55107,0.422472,96.8021
AKAZE,ORB,326,1561,958,96.625,8,2.66638,12.8689,14.3454,1.4765,0.54796,107.854
AKAZE,ORB,322,1545,944,110.354,11,3.46391,14.422,16.6873,2.26526,0.48228,120.631
AKAZE,ORB,344,1526,960,32.9335,9,2.47788,13.0206,15.5861,2.56552,0.400728,97.211
AKAZE,ORB,352,1566,958,36.4368,10,3.40857,12.7611,12.6753,0.0857139,0.64204,50.9714
AKAZE,ORB,317,1529,1001,43.8445,9,2.36337,15.2942,12.1731,3.12113,0.78172,55.303
AKAZE,ORB,312,1547,990,40.0316,9,2.29333,13.707,13.3543,0.352656,0.471352,114.647
AKAZE,ORB,311,1572,968,37.1364,8,2.36357,11.4573,13.0241,1.56683,0.73172,106.525
AKAZE,ORB,286,1567,1002,49.3807,9,2.4781,11.4207,11.0911,0.329521,0.63584,62.5225
AKAZE,ORB,302,1538,953,33.9074,8,1.92245,12.6229,12.6974,0.0745062,0.538972,43.0472
AKAZE,ORB,302,1513,957,45.3175,7,2.2999,11.2183,8.95856,2.25972,0.467112,119.918
AKAZE,ORB,316,1538,951,108.192,9,2.1869,11.1929,9.96295,1.22998,0.48656,117.9
AKAZE,ORB,312,1555,1018,38.7571,8,2.85217,10.4287,9.46977,0.958905,0.458744,116.32
AKAZE,ORB,289,1544,1021,34.8875,9,2.61046,10.4645,8.36706,2.0974,0.402952,48.6375
AKAZE,ORB,297,1563,1015,36.3322,10,3.38281,9.88818,9.91689,0.0287054,0.42026,111.994
AKAZE,ORB,279,1561,1052,35.6963,9,3.16413,9.18782,9.54521,0.357391,0.56498,102.684
AKAZE,ORB,303,1569,1047,38.5258,8,2.37688,9.46951,8.50248,0.967026,0.363648,111.033

AKAZE,FREAK,330,1513,0,96.9019,0,0,0,0,0,0,96.9083
AKAZE,FREAK,340,1541,915,67.3076,6,2.0447,11.5267,12.3214,0.794731,0.485588,109.83
AKAZE,FREAK,309,1529,910,65.4456,11,2.59498,12.0247,12.4141,0.389464,0.526268,111.43
AKAZE,FREAK,326,1561,969,97.0179,8,2.60948,12.7997,14.3454,1.54571,0.682268,109.193
AKAZE,FREAK,322,1545,935,67.2746,11,2.84701,13.5833,16.6873,3.10394,0.505388,109.642
AKAZE,FREAK,344,1526,900,66.71,9,2.65466,14.2451,15.5861,1.34097,0.645232,111.357
AKAZE,FREAK,352,1566,947,66.1482,10,2.70985,14.1982,12.6753,1.52283,0.548432,109.336
AKAZE,FREAK,317,1529,984,133.404,9,2.33749,15.6019,12.1731,3.42886,0.72636,141.961
AKAZE,FREAK,312,1547,959,139.067,9,2.19664,12.6182,13.3543,0.736148,0.512032,147.336
AKAZE,FREAK,311,1572,961,64.5315,8,2.14586,14.4707,13.0241,1.44657,0.38906,117.137
AKAZE,FREAK,286,1567,970,100.59,9,2.23551,11.5913,11.0911,0.500183,0.5346,108.971
AKAZE,FREAK,302,1538,935,138.73,8,1.88346,11.8896,12.6974,0.807831,0.41786,146.688
AKAZE,FREAK,302,1513,961,109.568,7,1.8713,10.025,8.95856,1.06648,0.353292,119.68
AKAZE,FREAK,316,1538,964,70.5686,9,2.32451,10.6782,9.96295,0.715198,0.65814,117.334
AKAZE,FREAK,312,1555,1010,99.3114,8,2.75811,10.7501,9.46977,1.28035,0.74816,111.148
AKAZE,FREAK,289,1544,1028,125.798,9,2.94423,9.55139,8.36706,1.18433,0.507928,134.654
AKAZE,FREAK,297,1563,1011,67.2151,10,3.16118,10.0821,9.91689,0.165166,0.676788,111.431
AKAZE,FREAK,279,1561,1027,140.423,9,2.40792,8.79453,9.54521,0.750686,0.44446,148.909
AKAZE,FREAK,303,1569,1054,67.3043,8,2.65644,8.86089,8.50248,0.358404,0.429028,113.839

AKAZE,AKAZE,330,1513,0,120.183,0,0,0,0,0,0,120.261
AKAZE,AKAZE,340,1541,1103,117.681,6,2.39444,11.4724,12.3214,0.849084,0.74652,201.87
AKAZE,AKAZE,309,1529,1073,125.202,11,3.03088,13.5327,12.4141,1.11861,0.71394,210.658
AKAZE,AKAZE,326,1561,1126,122.612,8,2.51758,13.3159,14.3454,1.0295,0.79212,135.134
AKAZE,AKAZE,322,1545,1126,127.062,11,3.90953,13.6888,16.6873,2.99844,0.940948,212.759
AKAZE,AKAZE,344,1526,1117,178.655,9,3.06397,14.8192,15.5861,0.766896,0.76424,188.24
AKAZE,AKAZE,352,1566,1118,128.225,10,2.93833,14.7878,12.6753,2.11245,0.6468,213.532
AKAZE,AKAZE,317,1529,1147,121.206,9,4.11616,15.8094,12.1731,3.63635,1.26819,206.481
AKAZE,AKAZE,312,1547,1148,202.772,9,3.14628,14.6712,13.3543,1.31689,1.01735,216.748
AKAZE,AKAZE,311,1572,1120,122.374,8,2.51565,14.3228,13.0241,1.2987,0.723152,203.3
AKAZE,AKAZE,286,1567,1149,118.783,9,2.65598,11.834,11.0911,0.742915,0.853472,132.491
AKAZE,AKAZE,302,1538,1083,116.141,8,2.67279,13.6087,12.6974,0.911296,0.90368,201.024
AKAZE,AKAZE,302,1513,1087,115.847,7,2.13991,11.0639,8.95856,2.10535,0.796808,128.336
AKAZE,AKAZE,316,1538,1071,118.054,9,2.56832,10.7239,9.96295,0.760973,1.29068,132.8
AKAZE,AKAZE,312,1555,1138,128.129,8,2.48367,12.914,9.46977,3.44427,0.82494,217.339
AKAZE,AKAZE,289,1544,1119,197.611,9,2.71299,10.2022,8.36706,1.83515,0.762572,210.319
AKAZE,AKAZE,297,1563,1132,199.026,10,3.03054,9.7601,9.91689,0.156792,0.946,212.393
AKAZE,AKAZE,279,1561,1152,186.09,9,2.68346,9.74452,9.54521,0.199305,0.70204,197.696
AKAZE,AKAZE,303,1569,1161,136.118,8,3.12871,9.27904,8.50248,0.776554,0.75028,149.048

AKAZE,SIFT,330,1513,0,116.481,0,0,0,0,0,0,116.493
AKAZE,SIFT,340,1541,1136,128.417,6,2.63655,12.4968,12.3214,0.175329,0.847768,206.478
AKAZE,SIFT,309,1529,1150,109.693,11,3.76114,12.8457,12.4141,0.431573,1.02897,207.908
AKAZE,SIFT,326,1561,1166,205.209,8,3.05361,12.8972,14.3454,1.44814,0.93288,222.983
AKAZE,SIFT,322,1545,1147,111.081,11,4.04365,13.6712,16.6873,3.01603,0.87532,130.972
AKAZE,SIFT,344,1526,1146,117.19,9,3.78416,14.2088,15.5861,1.37731,0.96252,137.526
AKAZE,SIFT,352,1566,1138,103.938,10,3.35754,14.6603,12.6753,1.985,0.55496,176.959
AKAZE,SIFT,317,1529,1159,113.023,9,3.7946,15.5805,12.1731,3.40741,1.3468,211.512
AKAZE,SIFT,312,1547,1169,116.786,9,3.79587,14.0255,13.3543,0.671178,1.07153,137.693
AKAZE,SIFT,311,1572,1161,131.741,8,2.64178,12.8078,13.0241,0.216286,1.18353,153.276
AKAZE,SIFT,286,1567,1209,134.213,9,3.17668,11.3419,11.0911,0.250737,1.21754,155.643
AKAZE,SIFT,302,1538,1149,112.419,8,2.66566,12.2773,12.6974,0.420155,0.774832,131.724
AKAZE,SIFT,302,1513,1134,97.7446,7,2.35793,10.6915,8.95856,1.73293,0.932108,195.961
AKAZE,SIFT,316,1538,1145,105.014,9,3.21328,10.8786,9.96295,0.915597,1.17554,180.552
AKAZE,SIFT,312,1555,1181,87.1151,8,2.82909,10.4941,9.46977,1.02431,0.70014,181.251
AKAZE,SIFT,289,1544,1183,107.569,9,3.53131,9.88305,8.36706,1.516,0.884468,202.205
AKAZE,SIFT,297,1563,1221,107.841,10,3.90011,10.3739,9.91689,0.457009,1.23101,208.49
AKAZE,SIFT,279,1561,1210,106.291,9,3.32732,9.72712,9.54521,0.181905,0.873192,200.755
AKAZE,SIFT,303,1569,1215,115.514,8,3.14203,8.599,8.50248,0.0965115,0.759728,196.626

SIFT,BRIEF,330,1890,0,91.8156,0,0,0,0,0,0,91.8234
SIFT,BRIEF,340,1915,908,87.5441,6,1.60956,11.6589,12.3214,0.662502,0.506112,126.484
SIFT,BRIEF,309,1824,858,81.6828,11,2.21256,14.1016,12.4141,1.68745,0.51884,105.708
SIFT,BRIEF,326,1837,878,83.1844,8,2.02326,13.7862,14.3454,0.559127,0.424692,101.09
SIFT,BRIEF,322,1828,904,102.485,11,3.46761,17.3317,16.6873,0.644483,0.638332,117.352
SIFT,BRIEF,344,1875,856,93.1832,9,2.4218,13.5674,15.5861,2.01871,0.470852,108.516
SIFT,BRIEF,352,1931,893,79.1507,10,2.19242,12.0092,12.6753,0.666106,0.482548,105.446
SIFT,BRIEF,317,1963,904,82.7392,9,2.07912,14.71,12.1731,2.5369,0.472012,93.4817
SIFT,BRIEF,312,1954,915,84.5667,9,2.58656,17.4224,13.3543,4.068,0.402192,98.907
SIFT,BRIEF,311,1983,881,82.6164,8,1.82382,12.6534,13.0241,0.370677,0.5154,135.51
SIFT,BRIEF,286,2043,909,105.725,9,2.10079,10.7082,11.0911,0.382921,0.47626,117.125
SIFT,BRIEF,302,2065,920,79.8241,8,1.76699,10.7477,12.6974,1.94971,0.3007,105.76
SIFT,BRIEF,302,2007,919,96.044,7,1.7477,12.6759,8.95856,3.71732,0.32854,104.83
SIFT,BRIEF,316,2030,937,97.0669,9,2.56554,9.15246,9.96295,0.810494,0.560668,111.113
SIFT,BRIEF,312,2048,1010,102.718,8,2.16897,12.9064,9.46977,3.43659,0.403932,116.973
SIFT,BRIEF,289,2044,978,92.6025,9,2.28647,8.83423,8.36706,0.467177,0.330932,107.063
SIFT,BRIEF,297,2086,962,83.436,10,2.3722,8.62741,9.91689,1.28948,0.399228,96.6372
SIFT,BRIEF,279,2093,980,86.3161,9,2.28112,8.86007,9.54521,0.685137,0.31808,96
SIFT,BRIEF,303,2159,1010,80.26,8,2.18614,7.06042,8.50248,1.44207,0.273344,110.017

SIFT,BRISK,330,1890,0,395.821,0,0,0,0,0,0,395.844
SIFT,BRISK,340,1915,731,399.601,6,1.60664,14.1452,12.3214,1.82381,0.35208,410.615
SIFT,BRISK,309,1824,733,392.289,11,1.92667,15.0758,12.4141,2.66163,0.301892,403.913
SIFT,BRISK,326,1837,743,408.459,8,1.7417,14.9195,14.3454,0.574093,0.359104,421.619
SIFT,BRISK,322,1828,723,404.571,11,2.42198,18.8555,16.6873,2.16826,0.35272,415.342
SIFT,BRISK,344,1875,734,393.346,9,1.69495,14.6796,15.5861,0.906463,0.286912,402.573
SIFT,BRISK,352,1931,708,407.252,10,2.02206,12.2264,12.6753,0.448966,0.37754,421.186
SIFT,BRISK,317,1963,758,402.977,9,1.71296,16.7246,12.1731,4.55149,0.38314,418.36
SIFT,BRISK,312,1954,736,395.03,9,1.75584,15.612,13.3543,2.25762,0.518388,405.115
SIFT,BRISK,311,1983,737,392.689,8,1.54446,11.842,13.0241,1.18213,0.330668,407.244
SIFT,BRISK,286,2043,753,405.043,9,1.93783,11.5324,11.0911,0.441307,0.33016,419.608
SIFT,BRISK,302,2065,764,404.865,8,1.51539,12.4172,12.6974,0.280196,0.259168,420.031
SIFT,BRISK,302,2007,773,400.797,7,1.50577,12.1873,8.95856,3.22878,0.34654,414.284
SIFT,BRISK,316,2030,789,405.286,9,1.79652,9.68364,9.96295,0.279311,0.319348,420.539
SIFT,BRISK,312,2048,813,401.985,8,2.04082,9.71499,9.46977,0.245221,0.277648,412.814
SIFT,BRISK,289,2044,844,411.954,9,2.14303,9.65398,8.36706,1.28692,0.361988,424.358
SIFT,BRISK,297,2086,829,401.005,10,2.06022,9.54455,9.91689,0.372334,0.35404,412.94
SIFT,BRISK,279,2093,897,395.56,9,1.98733,8.46378,9.54521,1.08143,0.26338,406.435
SIFT,BRISK,303,2159,859,383.726,8,1.92484,9.18848,8.50248,0.685999,0.234412,408.557

SIFT,FREAK,330,1890,0,110.1,0,0,0,0,0,0,110.106
SIFT,FREAK,340,1915,698,113.013,6,1.17386,10.1774,12.3214,2.144,0.217908,123.955
SIFT,FREAK,309,1824,697,115.228,11,1.79102,13.9382,12.4141,1.52403,0.282728,127.787
SIFT,FREAK,326,1837,699,112.471,8,1.87234,15.0097,14.3454,0.664324,0.36036,155.254
SIFT,FREAK,322,1828,692,107.521,11,1.97678,18.4787,16.6873,1.79141,0.245544,124.941
SIFT,FREAK,344,1875,685,126.747,9,1.73081,12.4029,15.5861,3.18318,0.251688,135.584
SIFT,FREAK,352,1931,692,123.58,10,1.89577,12.4566,12.6753,0.218745,0.39176,132.416
SIFT,FREAK,317,1963,706,117.416,9,1.6041,14.6615,12.1731,2.48839,0.36694,126.233
SIFT,FREAK,312,1954,711,126.407,9,1.92951,14.2921,13.3543,0.937787,0.423208,175.114
SIFT,FREAK,311,1983,687,137.538,8,1.42722,13.904,13.0241,0.879849,0.33436,146.121
SIFT,FREAK,286,2043,723,108.281,9,1.60754,12.2083,11.0911,1.11715,0.31164,140.928
SIFT,FREAK,302,2065,707,121.989,8,1.86079,11.2478,12.6974,1.44962,0.251492,131.374
SIFT,FREAK,302,2007,741,110.87,7,1.4393,11.0745,8.95856,2.11598,0.30914,124.468
SIFT,FREAK,316,2030,729,125.563,9,1.7237,9.70654,9.96295,0.256413,0.281652,134.673
SIFT,FREAK,312,2048,759,115.749,8,1.64501,11.8695,9.46977,2.39971,0.240928,125.015
SIFT,FREAK,289,2044,763,112.041,9,1.8057,10.9176,8.36706,2.55053,0.25712,126.883
SIFT,FREAK,297,2086,794,125.78,10,1.98896,8.82504,9.91689,1.09185,0.250272,138.45
SIFT,FREAK,279,2093,804,109.966,9,2.2168,8.8478,9.54521,0.697407,0.233932,129.101
SIFT,FREAK,303,2159,811,131.318,8,2.49002,10.7317,8.50248,2.22922,0.30658,142.63

SIFT,SIFT,330,1890,0,196.625,0,0,0,0,0,0,196.633
SIFT,SIFT,340,1915,1030,160.231,6,1.98037,10.3909,12.3214,1.93053,0.39642,218.552
SIFT,SIFT,309,1824,987,172.783,11,2.52835,13.5012,12.4141,1.08702,0.36156,260.164
SIFT,SIFT,326,1837,972,163.977,8,2.44026,12.8306,14.3454,1.51479,0.712732,233.721
SIFT,SIFT,322,1828,964,166.094,11,3.26846,14.9623,16.6873,1.72492,0.64194,229.849
SIFT,SIFT,344,1875,988,181.596,9,2.85613,12.2897,15.5861,3.29642,0.59968,275.824
SIFT,SIFT,352,1931,967,204.549,10,2.39857,11.168,12.6753,1.50736,0.396572,226.712
SIFT,SIFT,317,1963,1011,169.109,9,2.27104,13.5484,12.1731,1.37529,0.44606,260.184
SIFT,SIFT,312,1954,1036,201.437,9,66.4641,15.6287,13.3543,2.27431,0.67528,295.579
SIFT,SIFT,311,1983,1008,192.042,8,2.08852,12.6003,13.0241,0.423839,0.54218,217.713
SIFT,SIFT,286,2043,1003,206.912,9,2.6515,10.7818,11.0911,0.30935,0.516488,303.322
SIFT,SIFT,302,2065,1084,174.491,8,2.65462,10.6055,12.6974,2.09188,0.58566,313.963
SIFT,SIFT,302,2007,1060,153.404,7,2.0329,10.1869,8.95856,1.22836,0.533028,222.085
SIFT,SIFT,316,2030,1107,158.139,9,3.15487,9.68364,9.96295,0.279311,0.547624,307.345
SIFT,SIFT,312,2048,1125,202.041,8,2.47673,11.2767,9.46977,1.80697,0.377,304.145
SIFT,SIFT,289,2044,1107,177.827,9,2.64144,9.71653,8.36706,1.34947,0.406488,274.84
SIFT,SIFT,297,2086,1173,166.664,10,3.53037,9.89902,9.91689,0.0178722,0.557448,267.878
SIFT,SIFT,279,2093,1183,185.637,9,2.68378,8.59647,9.54521,0.94874,0.332948,282.9
SIFT,SIFT,303,2159,1158,195.514,8,3.04899,8.65348,8.50248,0.150999,0.3579,293.31

